Category,Parameter,Safe,Moderately Safe,Cautious,Unsafe
Oceanic Conditions,Wave Height (m),0 - 1 m,1.1 - 1.5 m,1.6 - 2.5 m,> 2.5 m
,Wave Direction (°),0° - 45° (away from shore),46° - 90° (moderate angle),91° - 135°,> 135° (toward shore)
,Wave Period (s),> 12 s,8 - 12 s,5 - 7 s,< 5 s
,Sea Level Pressure (hPa),1010 - 1025 hPa,1000 - 1009 hPa,995 - 999 hPa,< 995 hPa
,Ocean Current Velocity (m/s),0 - 0.5 m/s,0.6 - 1.0 m/s,1.1 - 1.5 m/s,> 1.5 m/s
Weather Conditions,Humidity (%),40% - 60%,61% - 75%,76% - 85%,> 85% or < 40%
,Precipitation (mm/hr),0 - 1 mm/hr,1.1 - 2.5 mm/hr,2.6 - 5 mm/hr,> 5 mm/hr
,Temperature (°C),24°C - 30°C,20°C - 23°C or 31°C - 33°C,18°C - 19°C or 34°C - 35°C,< 18°C or > 35°C
,Wind Speed (km/h),0 - 15 km/h,16 - 30 km/h,31 - 50 km/h,> 50 km/h
,Wind Direction (°),0° - 45° (away from shore),46° - 90° (side wind),91° - 135°,> 135° (toward shore)
Water Quality,pH (Water),7.5 - 8.5,7.0 - 7.4 or 8.6 - 9.0,6.5 - 6.9 or 9.1 - 9.5,< 6.5 or > 9.5
,Dissolved Oxygen (mg/L),6 - 8 mg/L,4 - 5.9 mg/L,3 - 3.9 mg/L,< 3 mg/L
,Salinity (ppt),30 - 35 ppt,25 - 29 ppt or 36 - 40 ppt,20 - 24 ppt or 41 - 45 ppt,< 20 ppt or > 45 ppt
,Turbidity (NTU),0 - 10 NTU,11 - 20 NTU,21 - 40 NTU,> 40 NTU
,Chlorophyll (µg/L),0 - 10 µg/L,11 - 20 µg/L,21 - 30 µg/L,> 30 µg/L
